Gender,Admin,Management,Operations
F,12.5,13.2,13.625
M,11.692307692307692,14.0,15.461538461538462
